Group 1,Group 2,Sample size,Permutations,pseudo-F,p-value,q-value
Closed-habitat: HI-SEAS,Closed-habitat: NEEMO,136,1000000,47.83651513723558,9.99999000001e-07,1.1499988500011501e-06
Closed-habitat: HI-SEAS,EMP: Free-living,408,1000000,286.5315193201508,9.99999000001e-07,1.1499988500011501e-06
Closed-habitat: HI-SEAS,EMP: Host-associated,492,1000000,23.950286831249944,9.99999000001e-07,1.1499988500011501e-06
Closed-habitat: HI-SEAS,Home: Checherta (Jungle),206,1000000,177.78838235959552,9.99999000001e-07,1.1499988500011501e-06
Closed-habitat: HI-SEAS,Home: Iquitos (Town),237,1000000,105.37520209810458,9.99999000001e-07,1.1499988500011501e-06
Closed-habitat: HI-SEAS,Home: Manaus (Urban),204,1000000,99.48737110851057,9.99999000001e-07,1.1499988500011501e-06
Closed-habitat: HI-SEAS,Home: P. Almendras (Rural),445,1000000,73.42711269196033,9.99999000001e-07,1.1499988500011501e-06
Closed-habitat: HI-SEAS,Home: Post-occupation (HOMEChem),323,1000000,140.29563311792262,9.99999000001e-07,1.1499988500011501e-06
Closed-habitat: HI-SEAS,Home: Pre-occupation (HOMEChem),331,1000000,391.65654054605045,9.99999000001e-07,1.1499988500011501e-06
Closed-habitat: HI-SEAS,Home: longitudinal,774,1000000,45.52610830796041,9.99999000001e-07,1.1499988500011501e-06
Closed-habitat: HI-SEAS,Home: rural (LUKAS1),307,1000000,214.20517896750695,9.99999000001e-07,1.1499988500011501e-06
Closed-habitat: HI-SEAS,Home: suburban (LUKAS2),295,1000000,96.34200045417643,9.99999000001e-07,1.1499988500011501e-06
Closed-habitat: HI-SEAS,Hospital: COVID-19,398,1000000,41.432536308175585,9.99999000001e-07,1.1499988500011501e-06
Closed-habitat: HI-SEAS,Hospital: Post-occupation,3873,1000000,34.93638320991209,9.99999000001e-07,1.1499988500011501e-06
Closed-habitat: HI-SEAS,Hospital: Pre-occupation,687,1000000,97.15015476961139,9.99999000001e-07,1.1499988500011501e-06
Closed-habitat: HI-SEAS,ISS: 3DMM,496,1000000,99.39077328997442,9.99999000001e-07,1.1499988500011501e-06
Closed-habitat: HI-SEAS,ISS: MT-1,149,1000000,23.218646425825074,9.99999000001e-07,1.1499988500011501e-06
Closed-habitat: HI-SEAS,Indoor Materials,431,1000000,144.7984335653946,9.99999000001e-07,1.1499988500011501e-06
Closed-habitat: HI-SEAS,Isolation Dorms: COVID-19,440,1000000,0.917907821028466,0.3720946279053721,0.3735711938891236
Closed-habitat: HI-SEAS,Office: 3D map,228,1000000,19.687087365272518,9.99999000001e-07,1.1499988500011501e-06
Closed-habitat: HI-SEAS,Office: geographical gradient,1915,1000000,138.939191815598,9.99999000001e-07,1.1499988500011501e-06
Closed-habitat: HI-SEAS,Spacecraft Assembly Facility,163,1000000,82.52556759314012,9.99999000001e-07,1.1499988500011501e-06
Closed-habitat: NEEMO,EMP: Free-living,336,1000000,47.69082191386683,9.99999000001e-07,1.1499988500011501e-06
Closed-habitat: NEEMO,EMP: Host-associated,420,1000000,20.902773492701503,2.999997000003e-06,3.3883894687533883e-06
Closed-habitat: NEEMO,Home: Checherta (Jungle),134,1000000,42.94851416056519,9.99999000001e-07,1.1499988500011501e-06
Closed-habitat: NEEMO,Home: Iquitos (Town),165,1000000,37.36808229873107,9.99999000001e-07,1.1499988500011501e-06
Closed-habitat: NEEMO,Home: Manaus (Urban),132,1000000,28.093211011518715,9.99999000001e-07,1.1499988500011501e-06
Closed-habitat: NEEMO,Home: P. Almendras (Rural),373,1000000,16.97727490106746,1.999998000002e-06,2.2792770000022793e-06
Closed-habitat: NEEMO,Home: Post-occupation (HOMEChem),251,1000000,51.656324651343475,9.99999000001e-07,1.1499988500011501e-06
Closed-habitat: NEEMO,Home: Pre-occupation (HOMEChem),259,1000000,101.94928208301599,9.99999000001e-07,1.1499988500011501e-06
Closed-habitat: NEEMO,Home: longitudinal,702,1000000,36.34373986398128,9.99999000001e-07,1.1499988500011501e-06
Closed-habitat: NEEMO,Home: rural (LUKAS1),235,1000000,131.47520836056788,9.99999000001e-07,1.1499988500011501e-06
Closed-habitat: NEEMO,Home: suburban (LUKAS2),223,1000000,82.09097998671817,9.99999000001e-07,1.1499988500011501e-06
Closed-habitat: NEEMO,Hospital: COVID-19,326,1000000,42.066939296841376,9.99999000001e-07,1.1499988500011501e-06
Closed-habitat: NEEMO,Hospital: Post-occupation,3801,1000000,44.30563148029224,9.99999000001e-07,1.1499988500011501e-06
Closed-habitat: NEEMO,Hospital: Pre-occupation,615,1000000,17.98058219993726,6.999993000007e-06,7.76753609211303e-06
Closed-habitat: NEEMO,ISS: 3DMM,424,1000000,152.13087132582177,9.99999000001e-07,1.1499988500011501e-06
Closed-habitat: NEEMO,ISS: MT-1,77,1000000,6.790148472536398,0.001785998214001786,0.0018827397839268826
Closed-habitat: NEEMO,Indoor Materials,359,1000000,5.886015583582139,0.009288990711009288,0.009592304693409591
Closed-habitat: NEEMO,Isolation Dorms: COVID-19,368,1000000,26.858076196608014,9.99999000001e-07,1.1499988500011501e-06
Closed-habitat: NEEMO,Office: 3D map,156,1000000,27.403390209330926,9.99999000001e-07,1.1499988500011501e-06
Closed-habitat: NEEMO,Office: geographical gradient,1843,1000000,2.3283978422208342,0.10612089387910612,0.10782564719443312
Closed-habitat: NEEMO,Spacecraft Assembly Facility,91,1000000,6.4726643821610095,0.00096999903000097,0.0010268190568629514
EMP: Free-living,EMP: Host-associated,692,1000000,408.606679559535,9.99999000001e-07,1.1499988500011501e-06
EMP: Free-living,Home: Checherta (Jungle),406,1000000,4.868332640483339,0.021584978415021584,0.022109309874495792
EMP: Free-living,Home: Iquitos (Town),437,1000000,58.93690608398301,9.99999000001e-07,1.1499988500011501e-06
EMP: Free-living,Home: Manaus (Urban),404,1000000,29.65845723239284,9.99999000001e-07,1.1499988500011501e-06
EMP: Free-living,Home: P. Almendras (Rural),645,1000000,108.0309629919466,9.99999000001e-07,1.1499988500011501e-06
EMP: Free-living,Home: Post-occupation (HOMEChem),523,1000000,127.43989999076076,9.99999000001e-07,1.1499988500011501e-06
EMP: Free-living,Home: Pre-occupation (HOMEChem),531,1000000,64.7455849639218,9.99999000001e-07,1.1499988500011501e-06
EMP: Free-living,Home: longitudinal,974,1000000,352.2981948396198,9.99999000001e-07,1.1499988500011501e-06
EMP: Free-living,Home: rural (LUKAS1),507,1000000,350.19619833331285,9.99999000001e-07,1.1499988500011501e-06
EMP: Free-living,Home: suburban (LUKAS2),495,1000000,332.1058746565316,9.99999000001e-07,1.1499988500011501e-06
EMP: Free-living,Hospital: COVID-19,598,1000000,343.9582501931964,9.99999000001e-07,1.1499988500011501e-06
EMP: Free-living,Hospital: Post-occupation,4073,1000000,675.1966416004956,9.99999000001e-07,1.1499988500011501e-06
EMP: Free-living,Hospital: Pre-occupation,887,1000000,73.53050761894437,9.99999000001e-07,1.1499988500011501e-06
EMP: Free-living,ISS: 3DMM,696,1000000,1589.4913949610795,9.99999000001e-07,1.1499988500011501e-06
EMP: Free-living,ISS: MT-1,349,1000000,91.57452737939488,9.99999000001e-07,1.1499988500011501e-06
EMP: Free-living,Indoor Materials,631,1000000,291.097057797882,9.99999000001e-07,1.1499988500011501e-06
EMP: Free-living,Isolation Dorms: COVID-19,640,1000000,546.1648394290555,9.99999000001e-07,1.1499988500011501e-06
EMP: Free-living,Office: 3D map,428,1000000,182.38003467888964,9.99999000001e-07,1.1499988500011501e-06
EMP: Free-living,Office: geographical gradient,2115,1000000,515.0532764479565,9.99999000001e-07,1.1499988500011501e-06
EMP: Free-living,Spacecraft Assembly Facility,363,1000000,59.92522440073155,9.99999000001e-07,1.1499988500011501e-06
EMP: Host-associated,Home: Checherta (Jungle),490,1000000,175.85016101120272,9.99999000001e-07,1.1499988500011501e-06
EMP: Host-associated,Home: Iquitos (Town),521,1000000,116.57191985629679,9.99999000001e-07,1.1499988500011501e-06
EMP: Host-associated,Home: Manaus (Urban),488,1000000,80.25039987883818,9.99999000001e-07,1.1499988500011501e-06
EMP: Host-associated,Home: P. Almendras (Rural),729,1000000,68.02892062313506,9.99999000001e-07,1.1499988500011501e-06
EMP: Host-associated,Home: Post-occupation (HOMEChem),607,1000000,250.1925838558104,9.99999000001e-07,1.1499988500011501e-06
EMP: Host-associated,Home: Pre-occupation (HOMEChem),615,1000000,601.1718929764701,9.99999000001e-07,1.1499988500011501e-06
EMP: Host-associated,Home: longitudinal,1058,1000000,133.6046971698866,9.99999000001e-07,1.1499988500011501e-06
EMP: Host-associated,Home: rural (LUKAS1),591,1000000,336.1052010663517,9.99999000001e-07,1.1499988500011501e-06
EMP: Host-associated,Home: suburban (LUKAS2),579,1000000,162.35935260277824,9.99999000001e-07,1.1499988500011501e-06
EMP: Host-associated,Hospital: COVID-19,682,1000000,90.33861032743992,9.99999000001e-07,1.1499988500011501e-06
EMP: Host-associated,Hospital: Post-occupation,4157,1000000,181.75854138087402,9.99999000001e-07,1.1499988500011501e-06
EMP: Host-associated,Hospital: Pre-occupation,971,1000000,124.2950457150819,9.99999000001e-07,1.1499988500011501e-06
EMP: Host-associated,ISS: 3DMM,780,1000000,491.2064298371409,9.99999000001e-07,1.1499988500011501e-06
EMP: Host-associated,ISS: MT-1,433,1000000,13.0445576329694,5.6999943000057e-05,6.189264197001897e-05
EMP: Host-associated,Indoor Materials,715,1000000,84.95538136626159,9.99999000001e-07,1.1499988500011501e-06
EMP: Host-associated,Isolation Dorms: COVID-19,724,1000000,49.28175341553099,9.99999000001e-07,1.1499988500011501e-06
EMP: Host-associated,Office: 3D map,512,1000000,28.89652544423973,9.99999000001e-07,1.1499988500011501e-06
EMP: Host-associated,Office: geographical gradient,2199,1000000,162.80282690301874,9.99999000001e-07,1.1499988500011501e-06
EMP: Host-associated,Spacecraft Assembly Facility,447,1000000,32.06639675028915,9.99999000001e-07,1.1499988500011501e-06
Home: Checherta (Jungle),Home: Iquitos (Town),235,1000000,16.77758969746541,3.999996000004e-06,4.458145321590361e-06
Home: Checherta (Jungle),Home: Manaus (Urban),202,1000000,8.953787462975711,0.000848999151000849,0.0009025075008538436
Home: Checherta (Jungle),Home: P. Almendras (Rural),443,1000000,33.36548648024934,9.99999000001e-07,1.1499988500011501e-06
Home: Checherta (Jungle),Home: Post-occupation (HOMEChem),321,1000000,37.4644250040524,9.99999000001e-07,1.1499988500011501e-06
Home: Checherta (Jungle),Home: Pre-occupation (HOMEChem),329,1000000,26.961666909485984,9.99999000001e-07,1.1499988500011501e-06
Home: Checherta (Jungle),Home: longitudinal,772,1000000,101.38536880657117,9.99999000001e-07,1.1499988500011501e-06
Home: Checherta (Jungle),Home: rural (LUKAS1),305,1000000,144.61840607113922,9.99999000001e-07,1.1499988500011501e-06
Home: Checherta (Jungle),Home: suburban (LUKAS2),293,1000000,138.35151474753857,9.99999000001e-07,1.1499988500011501e-06
Home: Checherta (Jungle),Hospital: COVID-19,396,1000000,122.63043991042507,9.99999000001e-07,1.1499988500011501e-06
Home: Checherta (Jungle),Hospital: Post-occupation,3871,1000000,191.18063844026884,9.99999000001e-07,1.1499988500011501e-06
Home: Checherta (Jungle),Hospital: Pre-occupation,685,1000000,17.789542662116112,3.999996000004e-06,4.458145321590361e-06
Home: Checherta (Jungle),ISS: 3DMM,494,1000000,784.0663068585535,9.99999000001e-07,1.1499988500011501e-06
Home: Checherta (Jungle),ISS: MT-1,147,1000000,70.469355868905,9.99999000001e-07,1.1499988500011501e-06
Home: Checherta (Jungle),Indoor Materials,429,1000000,171.10113757737327,9.99999000001e-07,1.1499988500011501e-06
Home: Checherta (Jungle),Isolation Dorms: COVID-19,438,1000000,229.73087706458222,9.99999000001e-07,1.1499988500011501e-06
Home: Checherta (Jungle),Office: 3D map,226,1000000,77.46107126636373,9.99999000001e-07,1.1499988500011501e-06
Home: Checherta (Jungle),Office: geographical gradient,1913,1000000,193.941260703107,9.99999000001e-07,1.1499988500011501e-06
Home: Checherta (Jungle),Spacecraft Assembly Facility,161,1000000,50.28655536675061,9.99999000001e-07,1.1499988500011501e-06
Home: Iquitos (Town),Home: Manaus (Urban),233,1000000,4.484657149928947,0.01747898252101748,0.017976351942347243
Home: Iquitos (Town),Home: P. Almendras (Rural),474,1000000,17.64038877113025,2.999997000003e-06,3.3883894687533883e-06
Home: Iquitos (Town),Home: Post-occupation (HOMEChem),352,1000000,12.770926104764264,7.999992000008e-06,8.838419109179145e-06
Home: Iquitos (Town),Home: Pre-occupation (HOMEChem),360,1000000,63.72861457945668,9.99999000001e-07,1.1499988500011501e-06
Home: Iquitos (Town),Home: longitudinal,803,1000000,47.91868204157781,9.99999000001e-07,1.1499988500011501e-06
Home: Iquitos (Town),Home: rural (LUKAS1),336,1000000,52.917735556042786,9.99999000001e-07,1.1499988500011501e-06
Home: Iquitos (Town),Home: suburban (LUKAS2),324,1000000,51.438656867244774,9.99999000001e-07,1.1499988500011501e-06
Home: Iquitos (Town),Hospital: COVID-19,427,1000000,56.19265843430896,9.99999000001e-07,1.1499988500011501e-06
Home: Iquitos (Town),Hospital: Post-occupation,3902,1000000,126.1278818669996,9.99999000001e-07,1.1499988500011501e-06
Home: Iquitos (Town),Hospital: Pre-occupation,716,1000000,13.163403484075031,7.999992000008e-05,8.64956400000865e-05
Home: Iquitos (Town),ISS: 3DMM,525,1000000,615.4594252816368,9.99999000001e-07,1.1499988500011501e-06
Home: Iquitos (Town),ISS: MT-1,178,1000000,51.79801442283482,9.99999000001e-07,1.1499988500011501e-06
Home: Iquitos (Town),Indoor Materials,460,1000000,162.27202392847138,9.99999000001e-07,1.1499988500011501e-06
Home: Iquitos (Town),Isolation Dorms: COVID-19,469,1000000,173.28282405337973,9.99999000001e-07,1.1499988500011501e-06
Home: Iquitos (Town),Office: 3D map,257,1000000,33.44727343181635,9.99999000001e-07,1.1499988500011501e-06
Home: Iquitos (Town),Office: geographical gradient,1944,1000000,236.27170566506842,9.99999000001e-07,1.1499988500011501e-06
Home: Iquitos (Town),Spacecraft Assembly Facility,192,1000000,45.814670126476706,9.99999000001e-07,1.1499988500011501e-06
Home: Manaus (Urban),Home: P. Almendras (Rural),441,1000000,5.481404548473498,0.006711993288006712,0.006988207003562543
Home: Manaus (Urban),Home: Post-occupation (HOMEChem),319,1000000,27.12822919533766,9.99999000001e-07,1.1499988500011501e-06
Home: Manaus (Urban),Home: Pre-occupation (HOMEChem),327,1000000,61.79546816663024,9.99999000001e-07,1.1499988500011501e-06
Home: Manaus (Urban),Home: longitudinal,770,1000000,53.14550661659794,9.99999000001e-07,1.1499988500011501e-06
Home: Manaus (Urban),Home: rural (LUKAS1),303,1000000,89.98051067525216,9.99999000001e-07,1.1499988500011501e-06
Home: Manaus (Urban),Home: suburban (LUKAS2),291,1000000,72.6368079786159,9.99999000001e-07,1.1499988500011501e-06
Home: Manaus (Urban),Hospital: COVID-19,394,1000000,60.44075294733228,9.99999000001e-07,1.1499988500011501e-06
Home: Manaus (Urban),Hospital: Post-occupation,3869,1000000,111.19442819006687,9.99999000001e-07,1.1499988500011501e-06
Home: Manaus (Urban),Hospital: Pre-occupation,683,1000000,1.191382354819614,0.28225771774228225,0.28450678322230044
Home: Manaus (Urban),ISS: 3DMM,492,1000000,534.3793931321179,9.99999000001e-07,1.1499988500011501e-06
Home: Manaus (Urban),ISS: MT-1,145,1000000,42.03320537032249,9.99999000001e-07,1.1499988500011501e-06
Home: Manaus (Urban),Indoor Materials,427,1000000,92.98115009464652,9.99999000001e-07,1.1499988500011501e-06
Home: Manaus (Urban),Isolation Dorms: COVID-19,436,1000000,131.90440262272116,9.99999000001e-07,1.1499988500011501e-06
Home: Manaus (Urban),Office: 3D map,224,1000000,34.891355143848,9.99999000001e-07,1.1499988500011501e-06
Home: Manaus (Urban),Office: geographical gradient,1911,1000000,108.37042064463921,9.99999000001e-07,1.1499988500011501e-06
Home: Manaus (Urban),Spacecraft Assembly Facility,159,1000000,29.48274643438773,9.99999000001e-07,1.1499988500011501e-06
Home: P. Almendras (Rural),Home: Post-occupation (HOMEChem),560,1000000,85.65688746863253,9.99999000001e-07,1.1499988500011501e-06
Home: P. Almendras (Rural),Home: Pre-occupation (HOMEChem),568,1000000,191.7333620109207,9.99999000001e-07,1.1499988500011501e-06
Home: P. Almendras (Rural),Home: longitudinal,1011,1000000,118.62589867022163,9.99999000001e-07,1.1499988500011501e-06
Home: P. Almendras (Rural),Home: rural (LUKAS1),544,1000000,154.62539675206833,9.99999000001e-07,1.1499988500011501e-06
Home: P. Almendras (Rural),Home: suburban (LUKAS2),532,1000000,101.10848771902457,9.99999000001e-07,1.1499988500011501e-06
Home: P. Almendras (Rural),Hospital: COVID-19,635,1000000,91.5048047211298,9.99999000001e-07,1.1499988500011501e-06
Home: P. Almendras (Rural),Hospital: Post-occupation,4110,1000000,270.1650850286515,9.99999000001e-07,1.1499988500011501e-06
Home: P. Almendras (Rural),Hospital: Pre-occupation,924,1000000,6.964664977258325,0.0027999972000028,0.0029394161477207816
Home: P. Almendras (Rural),ISS: 3DMM,733,1000000,693.0548337085353,9.99999000001e-07,1.1499988500011501e-06
Home: P. Almendras (Rural),ISS: MT-1,386,1000000,26.171846186211308,9.99999000001e-07,1.1499988500011501e-06
Home: P. Almendras (Rural),Indoor Materials,668,1000000,75.21318224880163,9.99999000001e-07,1.1499988500011501e-06
Home: P. Almendras (Rural),Isolation Dorms: COVID-19,677,1000000,166.96450856620604,9.99999000001e-07,1.1499988500011501e-06
Home: P. Almendras (Rural),Office: 3D map,465,1000000,34.9327274641013,9.99999000001e-07,1.1499988500011501e-06
Home: P. Almendras (Rural),Office: geographical gradient,2152,1000000,160.00583984825997,9.99999000001e-07,1.1499988500011501e-06
Home: P. Almendras (Rural),Spacecraft Assembly Facility,400,1000000,16.974010839002045,1.999998000002e-06,2.2792770000022793e-06
Home: Post-occupation (HOMEChem),Home: Pre-occupation (HOMEChem),446,1000000,66.53633895779735,9.99999000001e-07,1.1499988500011501e-06
Home: Post-occupation (HOMEChem),Home: longitudinal,889,1000000,78.54298045912628,9.99999000001e-07,1.1499988500011501e-06
Home: Post-occupation (HOMEChem),Home: rural (LUKAS1),422,1000000,25.067622665110505,9.99999000001e-07,1.1499988500011501e-06
Home: Post-occupation (HOMEChem),Home: suburban (LUKAS2),410,1000000,53.648895992949825,9.99999000001e-07,1.1499988500011501e-06
Home: Post-occupation (HOMEChem),Hospital: COVID-19,513,1000000,89.90604205029574,9.99999000001e-07,1.1499988500011501e-06
Home: Post-occupation (HOMEChem),Hospital: Post-occupation,3988,1000000,240.0354030541908,9.99999000001e-07,1.1499988500011501e-06
Home: Post-occupation (HOMEChem),Hospital: Pre-occupation,802,1000000,84.47808183570804,9.99999000001e-07,1.1499988500011501e-06
Home: Post-occupation (HOMEChem),ISS: 3DMM,611,1000000,824.7820197413728,9.99999000001e-07,1.1499988500011501e-06
Home: Post-occupation (HOMEChem),ISS: MT-1,264,1000000,71.11000218853432,9.99999000001e-07,1.1499988500011501e-06
Home: Post-occupation (HOMEChem),Indoor Materials,546,1000000,312.4897522995696,9.99999000001e-07,1.1499988500011501e-06
Home: Post-occupation (HOMEChem),Isolation Dorms: COVID-19,555,1000000,311.716110073413,9.99999000001e-07,1.1499988500011501e-06
Home: Post-occupation (HOMEChem),Office: 3D map,343,1000000,57.36184297070414,9.99999000001e-07,1.1499988500011501e-06
Home: Post-occupation (HOMEChem),Office: geographical gradient,2030,1000000,688.6440725185945,9.99999000001e-07,1.1499988500011501e-06
Home: Post-occupation (HOMEChem),Spacecraft Assembly Facility,278,1000000,72.90882527746884,9.99999000001e-07,1.1499988500011501e-06
Home: Pre-occupation (HOMEChem),Home: longitudinal,897,1000000,305.2115519056356,9.99999000001e-07,1.1499988500011501e-06
Home: Pre-occupation (HOMEChem),Home: rural (LUKAS1),430,1000000,253.32094270852707,9.99999000001e-07,1.1499988500011501e-06
Home: Pre-occupation (HOMEChem),Home: suburban (LUKAS2),418,1000000,304.3129633312567,9.99999000001e-07,1.1499988500011501e-06
Home: Pre-occupation (HOMEChem),Hospital: COVID-19,521,1000000,346.3517369307789,9.99999000001e-07,1.1499988500011501e-06
Home: Pre-occupation (HOMEChem),Hospital: Post-occupation,3996,1000000,609.0636130484539,9.99999000001e-07,1.1499988500011501e-06
Home: Pre-occupation (HOMEChem),Hospital: Pre-occupation,810,1000000,150.31207498372385,9.99999000001e-07,1.1499988500011501e-06
Home: Pre-occupation (HOMEChem),ISS: 3DMM,619,1000000,1831.9929193485518,9.99999000001e-07,1.1499988500011501e-06
Home: Pre-occupation (HOMEChem),ISS: MT-1,272,1000000,161.26393157215185,9.99999000001e-07,1.1499988500011501e-06
Home: Pre-occupation (HOMEChem),Indoor Materials,554,1000000,594.4209522677781,9.99999000001e-07,1.1499988500011501e-06
Home: Pre-occupation (HOMEChem),Isolation Dorms: COVID-19,563,1000000,693.913966568694,9.99999000001e-07,1.1499988500011501e-06
Home: Pre-occupation (HOMEChem),Office: 3D map,351,1000000,211.69737274206372,9.99999000001e-07,1.1499988500011501e-06
Home: Pre-occupation (HOMEChem),Office: geographical gradient,2038,1000000,974.561634388389,9.99999000001e-07,1.1499988500011501e-06
Home: Pre-occupation (HOMEChem),Spacecraft Assembly Facility,286,1000000,142.457949807113,9.99999000001e-07,1.1499988500011501e-06
Home: longitudinal,Home: rural (LUKAS1),873,1000000,29.19172830726884,9.99999000001e-07,1.1499988500011501e-06
Home: longitudinal,Home: suburban (LUKAS2),861,1000000,1.4044815806441555,0.23856076143923857,0.24142349057650944
Home: longitudinal,Hospital: COVID-19,964,1000000,6.681602988737758,0.003171996828003172,0.003316178502003316
Home: longitudinal,Hospital: Post-occupation,4439,1000000,71.83334988042114,9.99999000001e-07,1.1499988500011501e-06
Home: longitudinal,Hospital: Pre-occupation,1253,1000000,210.5606683317767,9.99999000001e-07,1.1499988500011501e-06
Home: longitudinal,ISS: 3DMM,1062,1000000,387.65037768474565,9.99999000001e-07,1.1499988500011501e-06
Home: longitudinal,ISS: MT-1,715,1000000,39.652631558612,9.99999000001e-07,1.1499988500011501e-06
Home: longitudinal,Indoor Materials,997,1000000,256.6575866091407,9.99999000001e-07,1.1499988500011501e-06
Home: longitudinal,Isolation Dorms: COVID-19,1006,1000000,147.13796170790133,9.99999000001e-07,1.1499988500011501e-06
Home: longitudinal,Office: 3D map,794,1000000,8.969647098889773,0.000480999519000481,0.0005156477894369563
Home: longitudinal,Office: geographical gradient,2481,1000000,970.2810289334125,9.99999000001e-07,1.1499988500011501e-06
Home: longitudinal,Spacecraft Assembly Facility,729,1000000,56.57787041022931,9.99999000001e-07,1.1499988500011501e-06
Home: rural (LUKAS1),Home: suburban (LUKAS2),394,1000000,23.631754418482465,9.99999000001e-07,1.1499988500011501e-06
Home: rural (LUKAS1),Hospital: COVID-19,497,1000000,58.3757825686094,9.99999000001e-07,1.1499988500011501e-06
Home: rural (LUKAS1),Hospital: Post-occupation,3972,1000000,116.19670294644085,9.99999000001e-07,1.1499988500011501e-06
Home: rural (LUKAS1),Hospital: Pre-occupation,786,1000000,163.6874519156115,9.99999000001e-07,1.1499988500011501e-06
Home: rural (LUKAS1),ISS: 3DMM,595,1000000,972.5230167296855,9.99999000001e-07,1.1499988500011501e-06
Home: rural (LUKAS1),ISS: MT-1,248,1000000,150.87870661703988,9.99999000001e-07,1.1499988500011501e-06
Home: rural (LUKAS1),Indoor Materials,530,1000000,617.2832969807183,9.99999000001e-07,1.1499988500011501e-06
Home: rural (LUKAS1),Isolation Dorms: COVID-19,539,1000000,344.66808049265455,9.99999000001e-07,1.1499988500011501e-06
Home: rural (LUKAS1),Office: 3D map,327,1000000,57.627996512672446,9.99999000001e-07,1.1499988500011501e-06
Home: rural (LUKAS1),Office: geographical gradient,2014,1000000,898.6432822116193,9.99999000001e-07,1.1499988500011501e-06
Home: rural (LUKAS1),Spacecraft Assembly Facility,262,1000000,192.24504617357383,9.99999000001e-07,1.1499988500011501e-06
Home: suburban (LUKAS2),Hospital: COVID-19,485,1000000,9.031406071520966,0.000530999469000531,0.0005668475344182884
Home: suburban (LUKAS2),Hospital: Post-occupation,3960,1000000,36.865232383269344,9.99999000001e-07,1.1499988500011501e-06
Home: suburban (LUKAS2),Hospital: Pre-occupation,774,1000000,125.87175343934936,9.99999000001e-07,1.1499988500011501e-06
Home: suburban (LUKAS2),ISS: 3DMM,583,1000000,541.708452205334,9.99999000001e-07,1.1499988500011501e-06
Home: suburban (LUKAS2),ISS: MT-1,236,1000000,85.28316166198108,9.99999000001e-07,1.1499988500011501e-06
Home: suburban (LUKAS2),Indoor Materials,518,1000000,384.08563338195864,9.99999000001e-07,1.1499988500011501e-06
Home: suburban (LUKAS2),Isolation Dorms: COVID-19,527,1000000,167.0776436029011,9.99999000001e-07,1.1499988500011501e-06
Home: suburban (LUKAS2),Office: 3D map,315,1000000,15.081697820122729,9.99999000001e-07,1.1499988500011501e-06
Home: suburban (LUKAS2),Office: geographical gradient,2002,1000000,585.6498413658048,9.99999000001e-07,1.1499988500011501e-06
Home: suburban (LUKAS2),Spacecraft Assembly Facility,250,1000000,121.90880833518861,9.99999000001e-07,1.1499988500011501e-06
Hospital: COVID-19,Hospital: Post-occupation,4063,1000000,30.070137804717266,9.99999000001e-07,1.1499988500011501e-06
Hospital: COVID-19,Hospital: Pre-occupation,877,1000000,140.31434791263996,9.99999000001e-07,1.1499988500011501e-06
Hospital: COVID-19,ISS: 3DMM,686,1000000,368.9258135029276,9.99999000001e-07,1.1499988500011501e-06
Hospital: COVID-19,ISS: MT-1,339,1000000,41.39050228181537,9.99999000001e-07,1.1499988500011501e-06
Hospital: COVID-19,Indoor Materials,621,1000000,239.483465322558,9.99999000001e-07,1.1499988500011501e-06
Hospital: COVID-19,Isolation Dorms: COVID-19,630,1000000,101.42234886005626,9.99999000001e-07,1.1499988500011501e-06
Hospital: COVID-19,Office: 3D map,418,1000000,3.8855011816324,0.02693297306702693,0.027475976556281506
Hospital: COVID-19,Office: geographical gradient,2105,1000000,553.6305040355895,9.99999000001e-07,1.1499988500011501e-06
Hospital: COVID-19,Spacecraft Assembly Facility,353,1000000,65.11858506101622,9.99999000001e-07,1.1499988500011501e-06
Hospital: Post-occupation,Hospital: Pre-occupation,4352,1000000,556.7769388355821,9.99999000001e-07,1.1499988500011501e-06
Hospital: Post-occupation,ISS: 3DMM,4161,1000000,262.94398006686436,9.99999000001e-07,1.1499988500011501e-06
Hospital: Post-occupation,ISS: MT-1,3814,1000000,43.181062442452195,9.99999000001e-07,1.1499988500011501e-06
Hospital: Post-occupation,Indoor Materials,4096,1000000,354.9745359168044,9.99999000001e-07,1.1499988500011501e-06
Hospital: Post-occupation,Isolation Dorms: COVID-19,4105,1000000,128.21706489468514,9.99999000001e-07,1.1499988500011501e-06
Hospital: Post-occupation,Office: 3D map,3893,1000000,19.6347804128444,9.99999000001e-07,1.1499988500011501e-06
Hospital: Post-occupation,Office: geographical gradient,5580,1000000,1875.2928228515898,9.99999000001e-07,1.1499988500011501e-06
Hospital: Post-occupation,Spacecraft Assembly Facility,3828,1000000,75.89760317189611,9.99999000001e-07,1.1499988500011501e-06
Hospital: Pre-occupation,ISS: 3DMM,975,1000000,882.1618137575825,9.99999000001e-07,1.1499988500011501e-06
Hospital: Pre-occupation,ISS: MT-1,628,1000000,31.158544620062194,9.99999000001e-07,1.1499988500011501e-06
Hospital: Pre-occupation,Indoor Materials,910,1000000,94.3237596195773,9.99999000001e-07,1.1499988500011501e-06
Hospital: Pre-occupation,Isolation Dorms: COVID-19,919,1000000,260.1827408368655,9.99999000001e-07,1.1499988500011501e-06
Hospital: Pre-occupation,Office: 3D map,707,1000000,55.008430885296946,9.99999000001e-07,1.1499988500011501e-06
Hospital: Pre-occupation,Office: geographical gradient,2394,1000000,283.48221891381974,9.99999000001e-07,1.1499988500011501e-06
Hospital: Pre-occupation,Spacecraft Assembly Facility,642,1000000,18.65082288805874,3.999996000004e-06,4.458145321590361e-06
ISS: 3DMM,ISS: MT-1,437,1000000,120.83909624854601,9.99999000001e-07,1.1499988500011501e-06
ISS: 3DMM,Indoor Materials,719,1000000,992.5302605371279,9.99999000001e-07,1.1499988500011501e-06
ISS: 3DMM,Isolation Dorms: COVID-19,728,1000000,133.18618709574804,9.99999000001e-07,1.1499988500011501e-06
ISS: 3DMM,Office: 3D map,516,1000000,211.32335638989517,9.99999000001e-07,1.1499988500011501e-06
ISS: 3DMM,Office: geographical gradient,2203,1000000,1498.9921885123958,9.99999000001e-07,1.1499988500011501e-06
ISS: 3DMM,Spacecraft Assembly Facility,451,1000000,304.1420942628812,9.99999000001e-07,1.1499988500011501e-06
ISS: MT-1,Indoor Materials,372,1000000,14.657157069574895,4.8999951000049e-05,5.343529139229481e-05
ISS: MT-1,Isolation Dorms: COVID-19,381,1000000,14.962216682572436,1.5999984000016e-05,1.7599982400017603e-05
ISS: MT-1,Office: 3D map,169,1000000,24.580824505548268,9.99999000001e-07,1.1499988500011501e-06
ISS: MT-1,Office: geographical gradient,1856,1000000,12.699573880059415,0.00035999964000036,0.0003875740805110259
ISS: MT-1,Spacecraft Assembly Facility,104,1000000,17.939025207451706,9.99999000001e-07,1.1499988500011501e-06
Indoor Materials,Isolation Dorms: COVID-19,663,1000000,180.8153283576397,9.99999000001e-07,1.1499988500011501e-06
Indoor Materials,Office: 3D map,451,1000000,122.19440478215935,9.99999000001e-07,1.1499988500011501e-06
Indoor Materials,Office: geographical gradient,2138,1000000,14.0381097520789,3.999996000004e-05,4.3809480000043815e-05
Indoor Materials,Spacecraft Assembly Facility,386,1000000,6.1687710876657285,0.00710999289000711,0.00737224672611393
Isolation Dorms: COVID-19,Office: 3D map,460,1000000,39.0456984439403,9.99999000001e-07,1.1499988500011501e-06
Isolation Dorms: COVID-19,Office: geographical gradient,2147,1000000,359.69505904946146,9.99999000001e-07,1.1499988500011501e-06
Isolation Dorms: COVID-19,Spacecraft Assembly Facility,395,1000000,53.36267688815133,9.99999000001e-07,1.1499988500011501e-06
Office: 3D map,Office: geographical gradient,1935,1000000,190.36149027477464,9.99999000001e-07,1.1499988500011501e-06
Office: 3D map,Spacecraft Assembly Facility,183,1000000,40.51793157190772,9.99999000001e-07,1.1499988500011501e-06
Office: geographical gradient,Spacecraft Assembly Facility,1870,1000000,0.8420176678421208,0.38271861728138273,0.38271861728138273
